{
  "id": "altadefinizione01_club",
  "name": "Altadefinizione01 C",
  "active": true,
  "adult": false,
  "language": ["ita"],
  "fanart": "https://www.altadefinizione01.vision/templates/Darktemplate/images/logo.png",
  "thumbnail": "https://www.altadefinizione01.vision/templates/Darktemplate/images/logo.png",
  "banner": "https://www.altadefinizione01.vision/templates/Darktemplate/images/logo.png",
  "categories": [
    "movie"
  ],
  "settings": [
    {
      "id": "modo_grafico",
      "type": "bool",
      "label": "Cerca informazioni extra",
      "default": true,
      "enabled": true,
      "visible": true
    },
    {
      "id": "include_in_newest_film",
      "type": "bool",
      "label": "Includi in Novità",
      "default": true,
      "enabled": true,
      "visible": true
    },
    {
     "id": "include_in_newest_italiano",
      "type": "bool",
      "label": "Includi in Novità - Italiano",
      "default": true,
      "enabled": true,
      "visible": true
    },  
    {
      "id": "include_in_global_search",
      "type": "bool",
      "label": "Includi ricerca globale",
      "default": true,
      "enabled": true,
      "visible": true
    },
    {
      "id": "checklinks",
      "type": "bool",
      "label": "Verifica se i link esistono",
      "default": true,
      "enabled": true,
      "visible": true
    },
    {
      "id": "checklinks_number",
      "type": "list",
      "label": "Numero de link da verificare",
      "default": 1,
      "enabled": true,
      "visible": "eq(-1,true)",
      "lvalues": [ "5", "10", "15", "20" ]
    },
    {
      "id": "filter_languages",
      "type": "list",
      "label": "Mostra link in lingua...",
      "default": 0,
      "enabled": true,
      "visible": true,
      "lvalues": [
        "Non filtrare",
        "IT"
      ]
    }
	  ]
}
