{
    "id": "altadefinizionehd",
    "name": "AltadefinizioneHD",
    "active": false,
    "adult": false,
    "language": ["ita"],
    "thumbnail": "https://altadefinizione.doctor/wp-content/uploads/2019/02/logo.png",
    "bannermenu": "https://altadefinizione.doctor/wp-content/uploads/2019/02/logo.png",
    "categories": ["tvshow","movie"],
    "settings": [
        {
            "id": "include_in_global_search",
            "type": "bool",
            "label": "Includi in Ricerca Globale",
            "default": true,
            "enabled": true,
            "visible": true
        },
        {
            "id": "include_in_newest_peliculas",
            "type": "bool",
            "label": "Includi in Novità - Film",
            "default": true,
            "enabled": true,
            "visible": true
        },
        {
            "id": "include_in_newest_series",
            "type": "bool",
            "label": "Includi in Novità - Serie TV",
            "default": true,
            "enabled": true,
            "visible": true
        },
        {
            "id": "include_in_newest_italiano",
            "type": "bool",
            "label": "Includi in Novità - Italiano",
            "default": true,
            "enabled": true,
            "visible": true
        },
        {
            "id": "checklinks",
            "type": "bool",
            "label": "Verifica se i link esistono",
            "default": false,
            "enabled": true,
            "visible": true
        },
        {
            "id": "checklinks_number",
            "type": "list",
            "label": "Numero de link da verificare",
            "default": 1,
            "enabled": true,
            "visible": "eq(-1,true)",
            "lvalues": [ "1", "3", "5", "10" ]
        },
        {
            "id": "filter_languages",
            "type": "list",
            "label": "Mostra link in lingua...",
            "default": 0,
            "enabled": true,
            "visible": true,
            "lvalues": ["Non filtrare","IT"]
        }
    ]
}
