{
  "id": "altadefinizione01_link",
  "name": "Altadefinizione01 L",
  "active": true,
  "adult": false,
  "language": ["ita"],
  "fanart": "https://altadefinizione01.estate/templates/Dark/img/nlogo.png",
  "thumbnail": "https://altadefinizione01.estate/templates/Dark/img/nlogo.png",
  "banner": "https://altadefinizione01.estate/templates/Dark/img/nlogo.png",
  "fix" : "reimpostato url e modificato file per KOD",
  "change_date": "2019-30-04",
  "categories": [
    "movie",
    "vosi"
  ],
  "settings": [
    {
    "id": "channel_host",
    "type": "text",
    "label": "Host del canale",
    "default": "https://altadefinizione01.estate/",
    "enabled": true,
    "visible": true
    },  
    {
      "id": "modo_grafico",
      "type": "bool",
      "label": "Cerca informazioni extra",
      "default": true,
      "enabled": true,
      "visible": true
    },
    {
      "id": "include_in_newest_peliculas",
      "type": "bool",
      "label": "Includi in Novità",
      "default": true,
      "enabled": true,
      "visible": true
    },
    {
      "id": "include_in_newest_italiano",
      "type": "bool",
      "label": "Includi in Novità - Italiano",
      "default": true,
      "enabled": true,
      "visible": true
    },   
    {
      "id": "include_in_global_search",
      "type": "bool",
      "label": "Includi ricerca globale",
      "default": true,
      "enabled": true,
      "visible": true
    },
    {
      "id": "checklinks",
      "type": "bool",
      "label": "Verifica se i link esistono",
      "default": true,
      "enabled": true,
      "visible": true
    },
    {
      "id": "checklinks_number",
      "type": "list",
      "label": "Numero de link da verificare",
      "default": 1,
      "enabled": true,
      "visible": "eq(-1,true)",
      "lvalues": [ "5", "10", "15", "20" ]
    },
    {
      "id": "filter_languages",
      "type": "list",
      "label": "Mostra link in lingua...",
      "default": 0,
      "enabled": true,
      "visible": true,
      "lvalues": [
        "Non filtrare",
        "ITA",
        "vosi"
      ]
    },
    {
      "id": "perfil",
      "type": "list",
      "label": "profilo dei colori",
      "default": 0,
      "enabled": true,
      "visible": true,
      "lvalues": [
        "Sin color",
        "Perfil 5",
        "Perfil 4",
        "Perfil 3",
        "Perfil 2",
        "Perfil 1"
      ]
    }
	  ]
}
