{
	"id": "cineblog01",
	"name": "CB01",
	"language": ["ita"],
	"active": true,
	"adult": false,
	"thumbnail": "cb01.png",
	"banner": "cb01.png",
	"categories": ["tvshow", "movie", "vosi"],
	"settings": [
		{
		  "id": "include_in_global_search",
		  "type": "bool",
		  "label": "Includi in Ricerca Globale",
		  "default": true,
		  "enabled": true,
		  "visible": true
		},
		{
      "id": "include_in_newest_peliculas",
      "type": "bool",
      "label": "Includi in Novità - Film",
      "default": true,
      "enabled": true,
      "visible": true
    },
    {
      "id": "include_in_newest_italiano",
      "type": "bool",
      "label": "Includi in Novità - Italiano",
      "default": true,
      "enabled": true,
      "visible": true
    },
		{
      "id": "checklinks",
      "type": "bool",
      "label": "Verifica se i link esistono",
      "default": false,
      "enabled": true,
      "visible": true
    },
    {
      "id": "checklinks_number",
      "type": "list",
      "label": "Numero di link da verificare",
      "default": 1,
      "enabled": true,
      "visible": "eq(-1,true)",
      "lvalues": [ "5", "10", "15", "20" ]
    },
    {
      "id": "filter_languages",
      "type": "list",
      "label": "Mostra link in lingua...",
      "default": 0,
      "enabled": true,
      "visible": true,
      "lvalues": [
        "No filtrar",
        "Italiano"
      ]
    }
	  ]
}
