{
	"id": "documentaristreamingda",
	"name": "DocumentariStreamingDa",
	"language": ["ita"],
	"active": true,
	"adult": false,
	"thumbnail": "documentaristreamingda.png",
	"banner": "documentaristreamingda.png",
	"categories": ["documentary"],
	"settings": [
		{
            "id": "include_in_global_search",
            "type": "bool",
            "label": "Includi ricerca globale",
            "default": false,
            "enabled": false,
            "visible": false
		},
		{
            "id": "include_in_newest_documentales",
            "type": "bool",
            "label": "Includi in Novità - Documentari",
            "default": true,
            "enabled": true,
            "visible": true
		},
		{
			"id": "include_in_newest_italiano",
			"type": "bool",
			"label": "Includi in Novità - Italiano",
			"default": true,
			"enabled": true,
			"visible": true
		}
	]
}
