{
    "id": "guardarefilm",
    "name": "Guardarefilm",
    "active": true,
    "adult": false,
    "language": ["ita"],
    "thumbnail": "https:\/\/raw.githubusercontent.com\/Zanzibar82\/images\/master\/posters\/guardarefilm.png",
    "bannermenu": "https:\/\/raw.githubusercontent.com\/Zanzibar82\/images\/master\/posters\/guardarefilm.png",
    "categories": ["tvshow","movie"],
    "settings": [
        {
            "id": "include_in_global_search",
            "type": "bool",
            "label": "Includi ricerca globale",
            "default": false,
            "enabled": false,
            "visible": false
        },
        {
            "id": "include_in_newest_peliculas",
            "type": "bool",
            "label": "Includi in Novità - Film",
            "default": true,
            "enabled": true,
            "visible": true
        },		
		{
			"id": "include_in_newest_series",
			"type": "bool",
			"label": "Includi in Novità - Serie TV",
			"default": true,
			"enabled": true,
			"visible": true
		},
        {
            "id": "include_in_newest_italiano",
            "type": "bool",
            "label": "Includi in Novità - Italiano",
            "default": true,
            "enabled": true,
            "visible": true
        }
    ]
}
