{
	"id": "programmazione",
	"name": "Programmazione",
	"language": ["ita"],
	"active": true,
	"adult": false,
	"thumbnail": "http://www.smartworld.it/wp-content/uploads/2015/02/codice-code-programmazione-fhd-720x480.png",
	"banner": "http://www.smartworld.it/wp-content/uploads/2015/02/codice-code-programmazione-fhd-720x480.png",
	"categories": ["documentary"],
	"settings": [
		{
            "id": "include_in_global_search",
            "type": "bool",
            "label": "Incluir en busqueda global",
            "default": false,
            "enabled": false,
            "visible": false
		}
	]
}

