{
	"id": "ricettevideo",
	"name": "Ricette Video",
	"language": ["ita"],
	"active": true,
	"adult": false,
	"thumbnail": "http://ricettevideo.net/wp-content/uploads/2013/08/Ricette-Video-Logo.png",
	"banner": "http://ricettevideo.net/wp-content/uploads/2013/08/Ricette-Video-Logo.png",
	"categories": ["documentary"],
	"settings": [
        {
            "id": "include_in_global_search",
            "type": "bool",
            "label": "Incluir en busqueda global",
            "default": false,
            "enabled": false,
            "visible": false
        },
		{
            "id": "include_in_newest_documentales",
            "type": "bool",
            "label": "Includi in Novità - Documentari",
            "default": true,
            "enabled": true,
            "visible": true
        },
        {
            "id": "include_in_newest_italiano",
            "type": "bool",
            "label": "Includi in Novità - Italiano",
            "default": true,
            "enabled": true,
            "visible": true
        }
    ]
}

