{
  "id": "thumbzilla",
  "name": "ThumbZilla",
  "active": true,
  "adult": true,
  "language": "en",
  "fanart": "https://raw.githubusercontent.com/Inter95/tvguia/master/thumbnails/adults/xthearebg.jpg",
  "thumbnail": "https://ci.phncdn.com/www-static/thumbzilla/images/pc/logo.png?cache=2018110203",
  "banner": "",
   "categories": [
   "adult"
 ],
 "settings": [
    {
      "id": "modo_grafico",
      "type": "bool",
      "label": "Cerca informazioni extra",
      "default": true,
      "enabled": true,
      "visible": true
    },
    {
      "id": "perfil",
      "type": "list",
      "label": "Perfil de color",
      "default": 3,
      "enabled": true,
      "visible": true,
      "lvalues": [
        "Sin color",
        "Perfil 3",
        "Perfil 2",
        "Perfil 1"
      ]
    }
  ]
}
