{
    "altadefinizione01_club": "https://www.altadefinizione01.cc",
    "altadefinizione01_link": "http://altadefinizione01.link",
    "altadefinizione01": "https://altadefinizione01.to",
    "altadefinizioneclick": "https://altadefinizione.cloud",
    "altadefinizionehd": "https://altadefinizione.doctor",
    "animeforge": "https://ww1.animeforce.org",
    "animeleggendari": "https://animepertutti.com",
    "animestream": "https://www.animeworld.it",
    "animespace": "https://animespace.tv",
    "animesubita": "http://www.animesubita.org",
    "animetubeita": "http://www.animetubeita.com",
    "animevision": "https://www.animevision.it",
    "animeworld": "https://www.animeworld.it",
    "asiansubita": "http://asiansubita.altervista.org",
    "casacinema": "https://www.casacinema.site",
    "casacinemainfo": "https://www.casacinema.info",
    "cb01anime": "http://www.cineblog01.ink",
    "cinemalibero": "https://cinemalibero.icu",
    "cinemastreaming": "https://cinemastreaming.icu",
    "documentaristreamingda": "https://documentari-streaming-da.com",
    "dreamsub": "https://www.dreamsub.stream",
    "eurostreaming": "https://eurostreaming.gratis",
    "eurostreaming_video": "https://www.eurostreaming.best",
    "fastsubita": "http://fastsubita.com",
    "ffilms":"https://ffilms.org",
    "filmigratis": "https://filmigratis.net",
    "filmgratis": "https://www.filmaltadefinizione.net",
    "filmontv": "https://www.comingsoon.it",
    "filmpertutti": "https://www.filmpertutti.tube",
    "filmsenzalimiti": "https://filmsenzalimiti.best",
    "filmsenzalimiticc": "https://www.filmsenzalimiti.host",
    "filmsenzalimiti_blue": "https://filmsenzalimiti.best",
    "filmsenzalimiti_info": "https://www.filmsenzalimiti.host",
    "filmstreaming01": "https://filmstreaming01.com",
    "filmstreamingita": "http://filmstreamingita.live",
    "guarda_serie": "https://guardaserie.site",
    "guardafilm": "http://www.guardafilm.top",
    "guardarefilm": "https://www.guardarefilm.video",
    "guardaseriecc": "https://guardaserie.site",
    "guardaserieclick": "https://www.guardaserie.media",
    "guardaserie_stream": "https://guardaserie.co",
    "guardaserieonline": "http://www.guardaserie.media",
    "guardogratis": "http://guardogratis.io",
    "ilgeniodellostreaming": "https://ilgeniodellostreaming.pw",
    "italiafilm": "https://www.italia-film.pw",
    "italiafilmhd": "https://italiafilm.info",
    "italiaserie": "https://italiaserie.org",
    "itastreaming": "https://itastreaming.film",
    "majintoon": "https://toonitalia.org",
    "mondolunatico": "http://mondolunatico.org",
    "mondolunatico2": "http://mondolunatico.org/stream/",
    "mondoserietv": "https://mondoserietv.com",
    "piratestreaming": "https://www.piratestreaming.watch",
    "seriehd": "https://www.seriehd.info",
    "serietvonline": "https://serietvonline.xyz",
    "serietvsubita": "http://serietvsubita.xyz",
    "serietvu": "https://www.serietvu.club",
    "streamingaltadefinizione": "https://www.streamingaltadefinizione.space",
    "streamking": "http://streamking.cc",
    "tantifilm": "https://www.tantifilm.plus",
    "toonitalia": "https://toonitalia.org"
}
