<?xml version="1.0" encoding="UTF-8" standalone="yes"?>
<addon id="repository.kod" name="[COLOR blue]KoD[/COLOR] Repo" version="1.0" provider-name="KoD Team">
    <requires>
        <import addon="xbmc.addon" version="12.0.0"/>
    </requires>
    <extension point="xbmc.addon.repository" name="KoD Repo">
        <info>https://github.com/kodiondemand/repo/raw/master/addons.xml</info>
        <checksum>https://github.com/kodiondemand/repo/raw/master/addons.xml.md5</checksum>
        <datadir zip="true">https://github.com/kodiondemand/repo/raw/master</datadir>
    </extension>
    <extension point="xbmc.addon.metadata">
        <summary>Repository for KoD addon</summary>
        <description></description>
        <disclaimer>COLOR red]The owners and submitters to this addon do not host or distribute any of the content displayed by these addons nor do they have any affiliation with the content providers.[/COLOR]
    [COLOR yellow]Kodi © is a registered trademark of the XBMC Foundation. We are not connected to or in any other way affiliated with Kodi, Team Kodi, or the XBMC Foundation. Furthermore, any software, addons, or products offered by us will receive no support in official Kodi channels, including the Kodi forums and various social networks.[/COLOR]</disclaimer>
        <platform>all</platform>
    </extension>
</addon>
